Kul4gRh8,Science,"Mesaerion: The Best Science Fiction Stories 1800-1849",£37.59,"In stock",../../../mesaerion-the-best-science-fiction-stories-1800-1849_983/index.html,1.0
OoVjPDSF,Science,Join,£35.67,"In stock",../../../join_902/index.html,5.0
IGr1J6co,Science,"William Shakespeare's Star Wars: Verily, A New Hope (William Shakespeare's Star Wars #4)",£43.30,"In stock",../../../william-shakespeares-star-wars-verily-a-new-hope-william-shakespeares-star-wars-4_871/index.html,4.0
hAGBDq3J,Science,"The Project",£10.65,"In stock",../../../the-project_856/index.html,1.0
5kzu8yoe,Science,"Soft Apocalypse",£26.12,"In stock",../../../soft-apocalypse_833/index.html,2.0
HYlbxzkP,Science,"Sleeping Giants (Themis Files #1)",£48.74,"In stock",../../../sleeping-giants-themis-files-1_604/index.html,1.0
DewzLWHA,Science,Arena,£21.36,"In stock",../../../arena_587/index.html,4.0
QcOxWDPr,Science,"Foundation (Foundation (Publication Order) #1)",£32.42,"In stock",../../../foundation-foundation-publication-order-1_375/index.html,1.0
bIWz8olB,Science,"The Restaurant at the End of the Universe (Hitchhiker's Guide to the Galaxy #2)",£10.92,"In stock",../../../the-restaurant-at-the-end-of-the-universe-hitchhikers-guide-to-the-galaxy-2_275/index.html,1.0
o96zF2gI,Science,"Ready Player One",£19.07,"In stock",../../../ready-player-one_209/index.html,4.0
oktTJ8BV,Science,"Life, the Universe and Everything (Hitchhiker's Guide to the Galaxy #3)",£33.26,"In stock",../../../life-the-universe-and-everything-hitchhikers-guide-to-the-galaxy-3_189/index.html,2.0
CAEaNs1z,Science,"Dune (Dune #1)",£54.86,"In stock",../../../dune-dune-1_151/index.html,1.0
jISAY39J,Science,"Do Androids Dream of Electric Sheep? (Blade Runner #1)",£51.48,"In stock",../../../do-androids-dream-of-electric-sheep-blade-runner-1_149/index.html,1.0
xhv2ZGX5,Science,"Three Wishes (River of Time: California #1)",£44.18,"In stock",../../../three-wishes-river-of-time-california-1_89/index.html,2.0
dhtlx54a,Science,"The Last Girl (The Dominion Trilogy #1)",£36.26,"In stock",../../../the-last-girl-the-dominion-trilogy-1_70/index.html,2.0
ytDEQuCo,Science,"Having the Barbarian's Baby (Ice Planet Barbarians #7.5)",£34.96,"In stock",../../../having-the-barbarians-baby-ice-planet-barbarians-75_23/index.html,4.0
../travel_2/index.html
../historical-fiction_4/index.html
../classics_6/index.html
../romance_8/index.html
../fiction_10/index.html
../religion_12/index.html
../music_14/index.html
index.html
../add-a-comment_18/index.html
../new-adult_20/index.html
../science_22/index.html
../paranormal_24/index.html
../psychology_26/index.html
../parenting_28/index.html
../humor_30/index.html
../history_32/index.html
../christian-fiction_34/index.html
../biography_36/index.html
../contemporary_38/index.html
../academic_40/index.html
../historical_42/index.html
../suspense_44/index.html
../novels_46/index.html
../politics_48/index.html
../erotica_50/index.html
../mystery_3/index.html
../sequential-art_5/index.html
../philosophy_7/index.html
../womens-fiction_9/index.html
../childrens_11/index.html
../nonfiction_13/index.html
../default_15/index.html
../sports-and-games_17/index.html
../fantasy_19/index.html
../young-adult_21/index.html
../poetry_23/index.html
../art_25/index.html
../autobiography_27/index.html
../adult-fiction_29/index.html
../horror_31/index.html
../food-and-drink_33/index.html
../business_35/index.html
../thriller_37/index.html
../spirituality_39/index.html
../self-help_41/index.html
../christian_43/index.html
../short-stories_45/index.html
../health_47/index.html
../cultural_49/index.html
../crime_51/index.html
